{"options":{"awareOfChrome":false,"check_for_updates":true,"comment":null,"compat_arrayleft":false,"compat_foreach":false,"compat_forvarin":false,"compat_metadata":false,"compat_uW_gmonkey":false,"compat_wrappedjsobject":false,"compatopts_for_requires":true,"noframes":null,"override":{"merge_connects":true,"merge_excludes":true,"merge_includes":true,"merge_matches":true,"orig_excludes":[],"orig_includes":["http://*","https://*"],"orig_matches":[],"orig_noframes":null,"orig_run_at":"document-idle","use_blockers":[],"use_connects":[],"use_excludes":[],"use_includes":[],"use_matches":[]},"run_at":null},"settings":{"enabled":false,"position":9},"meta":{"name":"True href download for Thunder/Flashget/qqdl/fs2you","uuid":"32114ff9-d3b6-4bbb-b529-d6c1d698f148","modified":1504230226066,"file_url":"https://greasyfork.org/scripts/12884-true-href-download-for-thunder-flashget-qqdl-fs2you/code/True%20href%20download%20for%20ThunderFlashgetqqdlfs2you.user.js"}}