{"options":{"awareOfChrome":false,"check_for_updates":true,"comment":null,"compat_arrayleft":false,"compat_foreach":false,"compat_forvarin":false,"compat_metadata":false,"compat_uW_gmonkey":false,"compat_wrappedjsobject":false,"compatopts_for_requires":true,"noframes":null,"override":{"merge_connects":true,"merge_excludes":true,"merge_includes":true,"merge_matches":true,"orig_excludes":[],"orig_includes":[],"orig_matches":["https://www.zhihu.com/question/*","https://www.zhihu.com/people/*","https://www.zhihu.com/topic/*","https://www.zhihu.com/search?*","https://www.zhihu.com"],"orig_noframes":null,"orig_run_at":"document-idle","use_blockers":[],"use_connects":[],"use_excludes":[],"use_includes":[],"use_matches":[]},"run_at":null},"settings":{"enabled":false,"position":8},"meta":{"name":"知乎排版优化","uuid":"b12996d3-874d-44d2-a953-742e1cb2f1e2","modified":1499411837477,"file_url":"https://greasyfork.org/scripts/21659-%E7%9F%A5%E4%B9%8E%E6%8E%92%E7%89%88%E4%BC%98%E5%8C%96/code/%E7%9F%A5%E4%B9%8E%E6%8E%92%E7%89%88%E4%BC%98%E5%8C%96.user.js"}}