{"options":{"awareOfChrome":false,"check_for_updates":true,"comment":null,"compat_arrayleft":false,"compat_foreach":false,"compat_forvarin":false,"compat_metadata":false,"compat_uW_gmonkey":false,"compat_wrappedjsobject":false,"compatopts_for_requires":true,"noframes":null,"override":{"merge_connects":true,"merge_excludes":true,"merge_includes":true,"merge_matches":true,"orig_excludes":[],"orig_includes":["*://v.qq.com/*","*://lol.qq.com/v/*","*://film.qq.com/*","*://view.inews.qq.com/*","*://news.qq.com/*"],"orig_matches":[],"orig_noframes":null,"orig_run_at":"document-start","use_blockers":[],"use_connects":[],"use_excludes":[],"use_includes":[],"use_matches":[]},"run_at":null},"settings":{"enabled":true,"position":1},"meta":{"name":"腾讯视频h5","uuid":"076d56f6-574c-47c9-81d4-ee2ac0aa523c","modified":1499411837418,"file_url":"https://greasyfork.org/scripts/22376-%E8%85%BE%E8%AE%AF%E8%A7%86%E9%A2%91h5/code/%E8%85%BE%E8%AE%AF%E8%A7%86%E9%A2%91h5.user.js"}}