{"options":{"awareOfChrome":false,"check_for_updates":true,"comment":null,"compat_arrayleft":false,"compat_foreach":false,"compat_forvarin":false,"compat_metadata":false,"compat_uW_gmonkey":false,"compat_wrappedjsobject":false,"compatopts_for_requires":true,"noframes":null,"override":{"merge_connects":true,"merge_excludes":true,"merge_includes":true,"merge_matches":true,"orig_excludes":["*://tieba.baidu.com/f/fdir*"],"orig_includes":["*://tieba.baidu.com/*"],"orig_matches":[],"orig_noframes":null,"orig_run_at":"document-body","use_blockers":[],"use_connects":[],"use_excludes":[],"use_includes":[],"use_matches":[]},"run_at":null},"settings":{"enabled":true,"position":7},"meta":{"name":"贴吧页面精简","uuid":"ab93604d-75ed-4610-8644-113883626b71","modified":1504230226054,"file_url":"https://greasyfork.org/scripts/23687-%E8%B4%B4%E5%90%A7%E9%A1%B5%E9%9D%A2%E5%BC%BA%E5%8A%9B%E5%8E%BB%E6%B1%A1/code/%E8%B4%B4%E5%90%A7%E9%A1%B5%E9%9D%A2%E5%BC%BA%E5%8A%9B%E5%8E%BB%E6%B1%A1.user.js"}}