{"options":{"comment":null,"compatopts_for_requires":true,"compat_wrappedjsobject":false,"compat_metadata":false,"compat_foreach":false,"compat_arrayleft":false,"compat_uW_gmonkey":false,"compat_forvarin":false,"noframes":null,"awareOfChrome":false,"run_at":null,"override":{"use_includes":[],"orig_includes":["http://*.cnki.net/*","http://*.cnki.net.*/*","*/kns/brief/*","*/kns55/brief/*","*/grid2008/brief/*","*/detail/detail.aspx*"],"merge_includes":true,"use_matches":[],"orig_matches":[],"merge_matches":true,"use_excludes":[],"orig_excludes":["http://image.cnki.net/*"],"merge_excludes":true,"use_connects":[],"merge_connects":true,"use_blockers":[],"orig_run_at":"document-idle","orig_noframes":null}},"settings":{"enabled":true,"position":4},"meta":{"name":"CNKI 中国知网 PDF 全文下载（特制版）","uuid":"39e336ba-5a56-45fc-b80b-d823c5e2f994","modified":1490929878358,"file_url":"https://greasyfork.org/scripts/18842-cnki-%E4%B8%AD%E5%9B%BD%E7%9F%A5%E7%BD%91-pdf-%E5%85%A8%E6%96%87%E4%B8%8B%E8%BD%BD-%E7%89%B9%E5%88%B6%E7%89%88/code/CNKI%20%E4%B8%AD%E5%9B%BD%E7%9F%A5%E7%BD%91%20PDF%20%E5%85%A8%E6%96%87%E4%B8%8B%E8%BD%BD%EF%BC%88%E7%89%B9%E5%88%B6%E7%89%88%EF%BC%89.user.js"}}