{"options":{"comment":null,"compatopts_for_requires":true,"compat_wrappedjsobject":false,"compat_metadata":false,"compat_foreach":false,"compat_arrayleft":false,"compat_uW_gmonkey":false,"compat_forvarin":false,"noframes":null,"awareOfChrome":false,"run_at":null,"override":{"use_includes":[],"orig_includes":["http://*.jd.com/*","https://*.jd.com/*","http://*.jd.hk/*","https://*.jd.hk/*","http://*.taobao.com/*","https://*.taobao.com/*","http://*.tmall.com/*","https://*.tmall.com/*","https://*.tmall.hk/*","http://*.yixun.com/*","http://*.51buy.com/*","http://*.yhd.com/*","http://*.suning.com/*","http://*.dangdang.com/*","http://*.gome.com.cn/*","http://*.newegg.cn/*","http://*.paipai.com/*","https://*.amazon.com/*","https://*.amazon.cn/*","https://*.amazon.*/*","http://www.kjt.com/*","http://www.kaola.com/*","http://www.tcl.com/*","http://shop.hisense.com/*","http://*.oppo.com/*","http://shop.vivo.com.cn/*","http://www.ebay.com/*","http://t.dianping.com/*","http://*.nuomi.com/*","http://*.meituan.com/*","https://yao.95095.com/*","http://*.feiniu.com/*","http://*.meilishuo.com/*","http://*.mogujie.com/*","http://shop.coolpad.cn/*","http://*.sephora.cn/*","http://*.yesmywine.com/*","http://*.yiguo.com/*","http://*.wanggou.com/*","http://mall.jia.com/*","http://weigou.baidu.com/*","http://*.mi.com/*","http://shop.letv.com/*","http://*.handu.com/*","http://*.taoshu.com/*","http://*.1688.com/*","http://*.muyingzhijia.com/*","http://*.vmall.com/*","http://*.xiji.com/*","http://*.xijie.com/*","http://www.yougou.com/*","http://www.okbuy.com/*"],"merge_includes":true,"use_matches":[],"orig_matches":[],"merge_matches":true,"use_excludes":[],"orig_excludes":[],"merge_excludes":true,"use_connects":[],"merge_connects":true,"use_blockers":[],"orig_run_at":"document-idle","orig_noframes":null,"orig_connects":[]}},"settings":{"enabled":true,"position":3},"meta":{"name":"gwdang","uuid":"55ecc2b6-2424-47be-afd9-a9b724c7a713","modified":1491607603979,"file_url":"https://greasyfork.org/scripts/14466-%E8%B4%AD%E7%89%A9%E5%85%9A%E6%AF%94%E4%BB%B7%E5%B7%A5%E5%85%B7/code/%E8%B4%AD%E7%89%A9%E5%85%9A%E6%AF%94%E4%BB%B7%E5%B7%A5%E5%85%B7.user.js"}}