{"options":{"comment":null,"compatopts_for_requires":true,"compat_wrappedjsobject":false,"compat_metadata":false,"compat_foreach":false,"compat_arrayleft":false,"compat_uW_gmonkey":false,"compat_forvarin":false,"noframes":null,"awareOfChrome":false,"run_at":null,"override":{"use_includes":[],"orig_includes":["http*","ftp*"],"merge_includes":true,"use_matches":[],"orig_matches":[],"merge_matches":true,"use_excludes":[],"orig_excludes":[],"merge_excludes":true,"use_connects":[],"merge_connects":true,"use_blockers":[],"orig_run_at":"document-idle","orig_noframes":null}},"settings":{"enabled":true,"position":6},"meta":{"name":"护眼脚本","uuid":"60931fd0-8c89-4e72-9cea-0f94e036ce5c","modified":1490929878371,"file_url":"https://greasyfork.org/scripts/14716-%E6%8A%A4%E7%9C%BC%E8%84%9A%E6%9C%AC/code/%E6%8A%A4%E7%9C%BC%E8%84%9A%E6%9C%AC.user.js"}}