{"options":{"comment":null,"compatopts_for_requires":true,"compat_wrappedjsobject":false,"compat_metadata":false,"compat_foreach":false,"compat_arrayleft":false,"compat_uW_gmonkey":false,"compat_forvarin":false,"noframes":null,"awareOfChrome":false,"run_at":null,"override":{"use_includes":[],"orig_includes":[],"merge_includes":true,"use_matches":[],"orig_matches":["https://www.zhihu.com/question/*","https://www.zhihu.com/people/*","https://www.zhihu.com/topic/*","https://www.zhihu.com/search?*","https://www.zhihu.com"],"merge_matches":true,"use_excludes":[],"orig_excludes":[],"merge_excludes":true,"use_connects":[],"merge_connects":true,"use_blockers":[],"orig_run_at":"document-idle","orig_noframes":null}},"settings":{"enabled":false,"position":8},"meta":{"name":"知乎排版优化","uuid":"b12996d3-874d-44d2-a953-742e1cb2f1e2","modified":1490929878390,"file_url":"https://greasyfork.org/scripts/21659-%E7%9F%A5%E4%B9%8E%E6%8E%92%E7%89%88%E4%BC%98%E5%8C%96/code/%E7%9F%A5%E4%B9%8E%E6%8E%92%E7%89%88%E4%BC%98%E5%8C%96.user.js"}}