{"options":{"comment":null,"compatopts_for_requires":true,"compat_wrappedjsobject":false,"compat_metadata":false,"compat_foreach":false,"compat_arrayleft":false,"compat_uW_gmonkey":false,"compat_forvarin":false,"noframes":null,"awareOfChrome":false,"run_at":null,"override":{"use_includes":[],"orig_includes":["*://tieba.baidu.com/*"],"merge_includes":true,"use_matches":[],"orig_matches":[],"merge_matches":true,"use_excludes":[],"orig_excludes":["*://tieba.baidu.com/f/fdir*"],"merge_excludes":true,"use_connects":[],"merge_connects":true,"use_blockers":[],"orig_run_at":"document-body","orig_noframes":null,"orig_connects":[]}},"settings":{"enabled":true,"position":7},"meta":{"name":"贴吧页面精简","uuid":"ab93604d-75ed-4610-8644-113883626b71","modified":1491724511981,"file_url":"https://greasyfork.org/scripts/23687-%E8%B4%B4%E5%90%A7%E9%A1%B5%E9%9D%A2%E5%BC%BA%E5%8A%9B%E5%8E%BB%E6%B1%A1/code/%E8%B4%B4%E5%90%A7%E9%A1%B5%E9%9D%A2%E5%BC%BA%E5%8A%9B%E5%8E%BB%E6%B1%A1.user.js"}}